signal_date,entry_date,exit_date,entry_price,exit_price,gross_return,benchmark_rate,financing_cost,commission_cost,total_cost,net_return,year
2014-10-23,2014-10-24,2014-11-07,62.7400016784668,71.80000305175781,-0.14440550097085075,4.999999888241291e-05,0.00041805555552451145,0.00032,0.0007380555555245114,-0.14514355652637526,2014
2014-11-22,2014-11-24,2014-12-09,74.98999786376953,74.4800033569336,0.006800833729351723,4.999999888241291e-05,0.00041805555552451145,0.00032,0.0007380555555245114,0.006062778173827212,2014
2014-12-08,2014-12-09,2014-12-23,71.45999908447266,68.37000274658203,0.04324092327846169,0.00028000000864267347,0.0004244444446845187,0.00032,0.0007444444446845187,0.042496478833777176,2014
2015-03-21,2015-03-23,2015-04-07,68.41999816894531,71.12000274658203,-0.03946221353250789,3.0000000260770322e-05,0.0004175000000072436,0.00032,0.0007375000000072436,-0.040199713532515134,2015
2015-05-19,2015-05-20,2015-06-04,88.55000305175781,86.43000030517578,0.023941306307385238,0.00013000000268220902,0.00042027777785228355,0.00032,0.0007402777778522836,0.023201028529532954,2015
2015-05-30,2015-06-01,2015-06-15,89.5199966430664,87.5199966430664,0.02234137706656076,8.000000379979611e-05,0.00041888888899443874,0.00032,0.0007388888889944388,0.021602488177566322,2015
2015-08-08,2015-08-10,2015-08-24,95.58000183105469,57.13999938964844,0.40217620532537796,0.0006499999761581421,0.00043472222155994836,0.00032,0.0007547222215599483,0.40142148310381803,2015
2015-09-12,2015-09-14,2015-09-28,49.540000915527344,45.560001373291016,0.08033910917811217,0.0002500000037252903,0.00042361111121459136,0.00032,0.0007436111112145914,0.07959549806689757,2015
2015-11-20,2015-11-23,2015-12-08,56.959999084472656,56.040000915527344,0.016151653506541307,0.0010499999672174453,0.00044583333242270674,0.00032,0.0007658333324227068,0.015385820174118601,2015
2016-01-15,2016-01-19,2016-02-02,37.4900016784668,36.86000061035156,0.01680450893330019,0.0023000000417232516,0.0004805555567145348,0.00032,0.0008005555567145348,0.016003953376585656,2016
2016-03-07,2016-03-08,2016-03-22,40.529998779296875,48.369998931884766,-0.1934369698671849,0.003050000071525574,0.0005013888908757104,0.00032,0.0008213888908757104,-0.1942583587580606,2016
2016-03-12,2016-03-14,2016-03-29,42.83000183105469,49.65999984741211,-0.15946760972130533,0.0030799999833106993,0.0005022222217586305,0.00032,0.0008222222217586306,-0.16028983194306395,2016
2016-03-18,2016-03-21,2016-04-05,46.439998626708984,47.63999938964844,-0.025839810474268577,0.0028799998760223387,0.0004966666632228427,0.00032,0.0008166666632228427,-0.02665647713749142,2016
2016-05-20,2016-05-23,2016-06-07,56.0,65.1500015258789,-0.16339288439069474,0.0031299999356269835,0.0005036111093229717,0.00032,0.0008236111093229718,-0.1642164955000177,2016
2016-07-25,2016-07-26,2016-08-09,60.47999954223633,72.76000213623047,-0.2030423724692388,0.0030799999833106993,0.0005022222217586305,0.00032,0.0008222222217586306,-0.20386459469099744,2016
2017-01-11,2017-01-12,2017-01-27,106.48999786376953,120.73999786376953,-0.13381538441037188,0.005030000209808349,0.0005563888947168986,0.00032,0.0008763888947168985,-0.13469177330508877,2017
2017-03-18,2017-03-20,2017-04-03,142.3800048828125,140.4600067138672,0.013485026710917654,0.0070999997854232786,0.0006138888829284243,0.00032,0.0009338888829284243,0.01255113782798923,2017
2017-06-30,2017-07-03,2017-07-18,163.6999969482422,176.82000732421875,-0.08014667453002323,0.01,0.0006944444444444445,0.00032,0.0010144444444444446,-0.08116111897446768,2017
2017-07-07,2017-07-10,2017-07-24,156.61000061035156,185.0399932861328,-0.1815336987739089,0.010130000114440919,0.0006980555587344699,0.00032,0.0010180555587344698,-0.18255175433264337,2017
2017-09-12,2017-09-13,2017-09-27,165.60000610351562,181.5399932861328,-0.09625595769998457,0.010180000066757202,0.0006994444462988111,0.00032,0.001019444446298811,-0.09727540214628339,2017
2017-12-30,2018-01-02,2018-01-17,258.3800048828125,265.67999267578125,-0.02825291297706894,0.01378000020980835,0.0007994444502724542,0.00032,0.0011194444502724541,-0.029372357427341397,2018
2018-01-11,2018-01-12,2018-01-29,277.5799865722656,238.74000549316406,0.13992356422637803,0.014099999666213989,0.0008083333240614996,0.00032,0.0011283333240614997,0.13879523090231652,2018
2018-03-09,2018-03-12,2018-03-26,26.139999389648438,23.65999984741211,0.09487374139795962,0.0164300000667572,0.0008730555574099221,0.00032,0.0011930555574099222,0.0936806858405497,2018
2018-05-13,2018-05-14,2018-05-29,26.65999984741211,25.399999618530273,0.04726182430958057,0.018550000190734862,0.000931944449742635,0.00032,0.0012519444497426351,0.046009879859837934,2018
2018-07-10,2018-07-11,2018-07-25,26.81999969482422,27.940000534057617,-0.041759912452554525,0.019199999570846556,0.000949999988079071,0.00032,0.001269999988079071,-0.043029912440633596,2018
2018-08-06,2018-08-07,2018-08-21,28.700000762939453,28.18000030517578,0.01811848236726017,0.020079998970031737,0.0009744444158342148,0.00032,0.0012944444158342148,0.016824037951425952,2018
2018-09-08,2018-09-10,2018-09-24,27.780000686645508,29.510000228881836,-0.06227499998111876,0.020829999446868898,0.0009952777624130248,0.00032,0.0013152777624130248,-0.06359027774353178,2018
2018-10-03,2018-10-04,2018-10-18,29.485000610351562,25.389999389648438,0.13888421692165256,0.021700000762939452,0.001019444465637207,0.00032,0.001339444465637207,0.13754477245601535,2018
2018-10-11,2018-10-12,2018-10-26,25.959999084472656,23.53499984741211,0.09341291689455418,0.022179999351501466,0.0010327777597639296,0.00032,0.0013527777597639296,0.09206013913479025,2018
2018-12-27,2018-12-28,2019-01-14,20.764999389648438,22.9950008392334,-0.10739231953441035,0.023280000686645506,0.0010633333524068195,0.00032,0.0013833333524068195,-0.10877565288681718,2018
2018-12-31,2019-01-02,2019-01-16,20.825000762939453,23.295000076293945,-0.1186074056597466,0.02365000009536743,0.0010736111137602063,0.00032,0.0013936111137602062,-0.12000101677350682,2019
2019-01-11,2019-01-14,2019-01-29,22.7450008392334,23.075000762939453,-0.014508679337431806,0.023599998950958254,0.0010722221930821736,0.00032,0.0013922221930821735,-0.01590090153051398,2019
2019-07-16,2019-07-17,2019-07-31,28.854999542236328,28.094999313354492,0.026338597849200805,0.020729999542236328,0.0009924999872843424,0.00032,0.0013124999872843423,0.025026097861916462,2019
2019-08-16,2019-08-19,2019-09-03,25.565000534057617,24.719999313354492,0.03305304920989213,0.01853000044822693,0.0009313889013396369,0.00032,0.001251388901339637,0.0318016603085525,2019
2019-09-10,2019-09-11,2019-09-25,26.530000686645508,26.80500030517578,-0.010365609175000921,0.01912999987602234,0.0009480555521117316,0.00032,0.0012680555521117317,-0.011633664727112653,2019
2019-09-17,2019-09-18,2019-10-02,27.260000228881836,25.200000762939453,0.07556857845363565,0.018799999952316283,0.0009388888875643411,0.00032,0.0012588888875643411,0.07430968956607131,2019
2019-11-14,2019-11-15,2019-12-02,30.375,30.774999618530273,-0.013168711721161266,0.01527999997138977,0.0008411111103163824,0.00032,0.0011611111103163824,-0.014329822831477648,2019
2020-02-26,2020-02-27,2020-03-12,26.950000762939453,16.649999618530273,0.3821892709766941,0.013949999809265137,0.000804166661368476,0.00032,0.001124166661368476,0.3810651043153256,2020
2020-06-19,2020-06-22,2020-07-07,15.1850004196167,15.824999809265137,-0.0421468140904136,0.0014000000059604645,0.0004555555557211239,0.00032,0.0007755555557211239,-0.042922369646134724,2020
2020-06-24,2020-06-25,2020-07-10,15.0600004196167,16.104999542236328,-0.0693890500333881,0.0012999999523162842,0.00045277777645323007,0.00032,0.0007727777764532302,-0.07016182780984133,2020
2020-09-03,2020-09-04,2020-09-21,16.03499984741211,17.665000915527344,-0.10165270244005026,0.001030000001192093,0.0004452777778108914,0.00032,0.0007652777778108914,-0.10241798021786115,2020
2021-01-25,2021-01-26,2021-02-09,20.559999465942383,20.274999618530273,0.013861860642759807,0.0006800000369548797,0.00043555555658207997,0.00032,0.00075555555658208,0.013106305086177727,2021
2021-04-20,2021-04-21,2021-05-05,24.524999618530273,25.18000030517578,-0.026707469799535127,0.00013000000268220902,0.00042027777785228355,0.00032,0.0007402777778522836,-0.02744774757738741,2021
2021-05-12,2021-05-13,2021-05-27,22.934999465942383,26.184999465942383,-0.14170482126350728,8.000000379979611e-05,0.00041888888899443874,0.00032,0.0007388888889944388,-0.1424437101525017,2021
2021-09-10,2021-09-13,2021-09-27,28.635000228881836,28.860000610351562,-0.00785753028361378,0.0003799999877810478,0.0004272222218828069,0.00032,0.0007472222218828069,-0.008604752505496586,2021
2021-09-20,2021-09-21,2021-10-05,26.8799991607666,27.795000076293945,-0.03404021369401146,0.00019999999552965163,0.00042222222209804583,0.00032,0.0007422222220980459,-0.03478243591610951,2021
2021-11-18,2021-11-19,2021-12-06,31.114999771118164,26.55500030517578,0.14655309334680133,0.00045000001788139346,0.000429166667163372,0.00032,0.000749166667163372,0.14580392667963796,2021
2022-02-20,2022-02-22,2022-03-08,25.959999084472656,23.5049991607666,0.09456856742242542,0.0033000001311302186,0.0005083333369758394,0.00032,0.0008283333369758395,0.09374023408544958,2022
2022-03-06,2022-03-07,2022-03-21,24.3700008392334,26.40999984741211,-0.08370943528629286,0.003050000071525574,0.0005013888908757104,0.00032,0.0008213888908757104,-0.08453082417716858,2022
2022-04-10,2022-04-11,2022-04-26,27.084999084472656,24.395000457763672,0.09931691776394086,0.006800000071525574,0.000605555557542377,0.00032,0.0009255555575423771,0.09839136220639848,2022
2022-08-19,2022-08-22,2022-09-06,26.93000030517578,26.21500015258789,0.026550320998342952,0.026480000019073486,0.001152222222752041,0.00032,0.001472222222752041,0.02507809877559091,2022
2022-09-14,2022-09-15,2022-09-29,26.104999542236328,24.545000076293945,0.059758647511883575,0.030950000286102296,0.0012763888968361748,0.00032,0.0015963888968361748,0.0581622586150474,2022
2022-10-08,2022-10-10,2022-10-24,24.2549991607666,24.8799991607666,-0.02576788380231988,0.03285000085830689,0.0013291666905085246,0.00032,0.0016491666905085246,-0.027417050492828405,2022
2022-11-09,2022-11-10,2022-11-25,26.774999618530273,28.46500015258789,-0.06311860161103465,0.04054999828338623,0.0015430555078718396,0.00032,0.0018630555078718396,-0.0649816571189065,2022
2022-12-18,2022-12-19,2023-01-04,28.565000534057617,29.895000457763672,-0.04656047256573008,0.041630001068115235,0.001573055585225423,0.00032,0.001893055585225423,-0.0484535281509555,2022
2023-02-13,2023-02-14,2023-03-01,32.31999969482422,32.04499816894531,0.008508710658278424,0.04659999847412109,0.0017111110687255857,0.00032,0.002031111068725586,0.006477599589552838,2023
2023-03-03,2023-03-06,2023-03-20,33.2599983215332,29.385000228881836,0.11650626242342935,0.04728000164031983,0.0017300000455644396,0.00032,0.0020500000455644395,0.11445626237786491,2023
2023-04-23,2023-04-24,2023-05-08,34.11000061035156,34.375,-0.007768964670379296,0.04873000144958496,0.0017702778180440266,0.00032,0.002090277818044027,-0.009859242488423323,2023
2023-05-08,2023-05-09,2023-05-23,34.1150016784668,35.060001373291016,-0.02770041472460772,0.051230001449584964,0.001839722262488471,0.00032,0.0021597222624884713,-0.029860136987096192,2023
2023-07-22,2023-07-24,2023-08-07,43.44499969482422,42.5099983215332,0.02152149568094959,0.0525,0.001875,0.00032,0.002195,0.01932649568094959,2023
2023-09-26,2023-09-27,2023-10-11,42.290000915527344,44.07500076293945,-0.04220855542135311,0.053299999237060545,0.0018972222010294592,0.00032,0.002217222201029459,-0.04442577762238257,2023
2024-01-15,2024-01-16,2024-01-30,52.29999923706055,53.66999816894531,-0.026195008639961208,0.05203000068664551,0.0018619444635179308,0.00032,0.002181944463517931,-0.02837695310347914,2024
2024-04-13,2024-04-15,2024-04-29,53.34000015258789,55.59000015258789,-0.04218222710092807,0.052379999160766605,0.0018716666433546277,0.00032,0.002191666643354628,-0.044373893744282696,2024
2024-06-14,2024-06-17,2024-07-02,60.4900016784668,62.959999084472656,-0.04083315155345958,0.05243000030517578,0.0018730555640326604,0.00032,0.0021930555640326606,-0.04302620711749224,2024
2024-08-03,2024-08-05,2024-08-19,39.20000076293945,54.150001525878906,-0.3813775630604965,0.05059999942779541,0.00182222220632765,0.00032,0.00214222220632765,-0.3835197852668242,2024
2024-08-29,2024-08-30,2024-09-16,53.4900016784668,50.279998779296875,0.06001126936704054,0.04967999935150146,0.001796666648652818,0.00032,0.002116666648652818,0.05789460271838773,2024
2024-09-16,2024-09-17,2024-10-01,50.310001373291016,48.189998626708984,0.042138793256076425,0.04735000133514404,0.0017319444815317789,0.00032,0.002051944481531779,0.040086848774544645,2024
2024-10-09,2024-10-10,2024-10-24,47.630001068115234,48.25,-0.013016983371428247,0.0453000020980835,0.0016750000582800972,0.00032,0.001995000058280097,-0.015011983429708345,2024
2024-12-23,2024-12-24,2025-01-10,51.0,48.02000045776367,0.058431363573261334,0.04199999809265137,0.0015833332803514269,0.00032,0.0019033332803514269,0.056528030292909905,2024
2024-12-26,2024-12-27,2025-01-14,51.540000915527344,49.0099983215332,0.04908813638053181,0.04177999973297119,0.0015772222148047552,0.00032,0.0018972222148047552,0.04719091416572706,2024
2025-01-09,2025-01-10,2025-01-27,48.869998931884766,50.31999969482422,-0.02967057079253206,0.04212999820709228,0.0015869443946414522,0.00032,0.0019069443946414522,-0.03157751518717351,2025
2025-02-04,2025-02-05,2025-02-20,50.709999084472656,52.2400016784668,-0.03017161549235022,0.04210000038146973,0.0015861111217074925,0.00032,0.0019061111217074924,-0.03207772661405771,2025
2025-03-28,2025-03-31,2025-04-14,44.470001220703125,36.560001373291016,0.177872714870302,0.04192999839782715,0.0015813888443840874,0.00032,0.0019013888443840873,0.17597132602591792,2025
2025-06-06,2025-06-09,2025-06-24,41.75,42.220001220703125,-0.011257514268338323,0.04239999771118164,0.0015944443808661567,0.00032,0.0019144443808661567,-0.01317195864920448,2025
2025-06-18,2025-06-20,2025-07-07,40.849998474121094,42.61000061035156,-0.04308450922820594,0.04195000171661377,0.0015819444921281601,0.00032,0.00190194449212816,-0.0449864537203341,2025
2025-08-02,2025-08-04,2025-08-18,44.119998931884766,47.689998626708984,-0.08091567953879168,0.041529998779296876,0.0015702777438693575,0.00032,0.0018902777438693575,-0.08280595728266103,2025
2025-08-19,2025-08-20,2025-09-04,47.189998626708984,49.29999923706055,-0.04471287712980197,0.04114999771118164,0.0015597221586439343,0.00032,0.0018797221586439343,-0.046592599288445904,2025
2025-09-25,2025-09-26,2025-10-10,50.43000030517578,47.66999816894531,0.05472936981020009,0.03859999895095825,0.0014888888597488403,0.00032,0.0018088888597488403,0.052920480950451244,2025
2025-10-13,2025-10-14,2025-10-28,48.029998779296875,50.25,-0.046221138395282385,0.03852999925613403,0.0014869444237815008,0.00032,0.0018069444237815008,-0.048028082819063886,2025
2026-01-22,2026-01-23,2026-02-06,55.18000030517578,53.869998931884766,0.023740510439398094,0.03582000017166138,0.0014116666714350382,0.00032,0.0017316666714350382,0.022008843767963054,2026
2026-03-26,2026-03-27,2026-04-13,44.81999969482422,49.86000061035156,-0.11244982038920806,0.03607000112533569,0.0014186111423704357,0.00032,0.0017386111423704357,-0.1141884315315785,2026
2026-05-19,2026-05-20,2026-06-04,51.83000183105469,55.849998474121094,-0.07756119045046546,0.035569999217987064,0.0014047222004996405,0.00032,0.0017247222004996405,-0.0792859126509651,2026
2026-07-31,2026-08-03,2026-08-17,58.36000061035156,60.54999923706055,-0.03752567861215092,0.03700000047683716,0.001444444457689921,0.00032,0.001764444457689921,-0.03929012306984084,2026
2026-08-12,2026-08-13,2026-08-27,60.779998779296875,62.95000076293945,-0.03570256708168498,0.037049999237060545,0.0014458333121405707,0.00032,0.0017658333121405706,-0.037468400393825554,2026
